Number,PeLEDs component,PA,IsomericSMILES,A_site,Conc(mg/ml),Control device EQE,Passivated device EQE,EQE enhanced ratio, article title,Doi,Emitting Layer structure,year,
1,PPA2FAn–1PbnBr3n+1,trimorpholinophosphine oxide ,C1COCCN1P(=O)(N2CCOCC2)N3CCOCC3  ,organic,2.000 ,2.79%,4.40%,1.5771 ,Improving Green Perovskite Nanoplate Light-Emitting Diode Performance via Precision Passivation and Phase Distribution Management,https://doi.org/10.1021/acsanm.3c06224,quasi-2D,2024,
1,PPA2FAn–1PbnBr3n+1,trimorpholinophosphine oxide ,C1COCCN1P(=O)(N2CCOCC2)N3CCOCC3,organic,4.000 ,2.79%,7.31%,2.6201 ,Improving Green Perovskite Nanoplate Light-Emitting Diode Performance via Precision Passivation and Phase Distribution Management,https://doi.org/10.1021/acsanm.3c06224,quasi-2D,2024,
1,PPA2FAn–1PbnBr3n+1,trimorpholinophosphine oxide,C1COCCN1P(=O)(N2CCOCC2)N3CCOCC3,organic,6.000 ,2.79%,5.85%,2.0968 ,Improving Green Perovskite Nanoplate Light-Emitting Diode Performance via Precision Passivation and Phase Distribution Management,https://doi.org/10.1021/acsanm.3c06224,quasi-2D,2024,
2,CsPbBr3,Lithium bromide,[Li+].[Br-],inorganic,1.738 ,2.83%,7.92%,2.7986 ,High-Performance Perovskite Light-Emitting Diode with Enhanced Operational Stability Using Lithium Halide Passivation,https://doi.org/10.1002/anie.201914000,3D,2019,
2,CsPbBr3,Lithium bromide,[Li+].[Br-],inorganic,3.476 ,2.83%,16.20%,5.7244 ,High-Performance Perovskite Light-Emitting Diode with Enhanced Operational Stability Using Lithium Halide Passivation,https://doi.org/10.1002/anie.201914000,3D,2019,
3, PEA2PbBr4(CsPbBr3)4,ethoxylated trimethylolpropane triacrylate,CCC(COCCOC(=O)C=C)(COCCOC(=O)C=C)COCCOC(=O)C=C,inorganic,5.000 ,16.79%,22.49%,1.3395 ,Perovskite Light-Emitting Diodes with External Quantum Efficiency Exceeding 22% via Small-Molecule Passivation,https://doi.org/10.1002/adma.202007169,quasi-2D,2021,
4,PEA2(FAPbBr3)n-1PbBr4 (n=3),trioctylphosphine oxide,CCCCCCCCP(=O)(CCCCCCCC)CCCCCCCC,organic,2.000 ,10.00%,14.36%,1.4360 ,Efficient green light-emitting diodes based on quasi-two-dimensional composition and phase engineered perovskite with surface passivation,https://www.nature.com/articles/s41467-018-02978-7,quasi-2D,2018,
5,PEA:CsPbBr3,methylene-bis-acrylamide,C=CC(=O)NCNC(=O)C=C,inorganic,4.625 ,11.30%,16.80%,1.4867 ,Green Perovskite Light-Emitting Diodes with 200 Hours Stability and 16% Efficiency: Cross-Linking Strategy and Mechanism,https://doi.org/10.1002/adfm.202011003,quasi-2D,2020,
6,PEA:CsPbBr3,ammonium thiocyanate,C(#N)[S-].[NH4+],inorganic,4.000 ,3.20%,10.50%,3.2813 ,Interface engineering improves the performance of green perovskite light-emitting diodes,https://doi.org/10.1039/D1TC05706E,quasi-2D,2022,
6,PEA:CsPbBr3,ammonium thiocyanate,C(#N)[S-].[NH4+],inorganic,6.000 ,3.20%,14.70%,4.5938 ,Interface engineering improves the performance of green perovskite light-emitting diodes,https://doi.org/10.1039/D1TC05706E,quasi-2D,2022,
6,PEA:CsPbBr3,ammonium thiocyanate,C(#N)[S-].[NH4+],inorganic,8.000 ,3.20%,11.30%,3.5313 ,Interface engineering improves the performance of green perovskite light-emitting diodes,https://doi.org/10.1039/D1TC05706E,quasi-2D,2022,
7,DDA0.75HDA0.25Cs3Pb4Br13,triphenylphosphine oxide ,C1=CC=C(C=C1)P(=O)(C2=CC=CC=C2)C3=CC=CC=C3,inorganic,1.000 ,10.90%,12.40%,1.1376 ,Effect of Passivating Molecules and Antisolvents on Lifetime of Green Dion–Jacobson Perovskite Light-Emitting Diodes,https://doi.org/10.1021/acsami.3c02170,quasi-2D DJ,2023,
7,DDA0.75HDA0.25Cs3Pb4Br13,triphenylphosphine oxide ,C1=CC=C(C=C1)P(=O)(C2=CC=CC=C2)C3=CC=CC=C3,inorganic,0.500 ,10.90%,12.70%,1.1651 ,Effect of Passivating Molecules and Antisolvents on Lifetime of Green Dion–Jacobson Perovskite Light-Emitting Diodes,https://doi.org/10.1021/acsami.3c02170,quasi-2D DJ,2023,
7,DDA0.75HDA0.25Cs3Pb4Br13,diphenyl-4-triphenylsilylphenyl phosphine oxide ,C1=CC=C(C=C1)[Si](C2=CC=CC=C2)(C3=CC=CC=C3)C4=CC=C(C=C4)P(=O)(C5=CC=CC=C5)C6=CC=CC=C6,inorganic,1.000 ,10.90%,11.90%,1.0917 ,Effect of Passivating Molecules and Antisolvents on Lifetime of Green Dion–Jacobson Perovskite Light-Emitting Diodes,https://doi.org/10.1021/acsami.3c02170,quasi-2D DJ,2023,
8,PEA2Csn–1PbnBr3n+1,Orthosilicic acid,O[Si](O)(O)O,inorganic,,14.00%,16.60%,1.1857 ,In-situ passivation perovskite targeting efficient light-emitting diodes via spontaneously formed silica network,https://doi.org/10.1016/j.nanoen.2020.105134,quasi-2D,2020,
9,CsPbBr3,(4-diphenylphosphorylphenyl)-triphenylsilane,C1=CC=C(C=C1)[Si](C2=CC=CC=C2)(C3=CC=CC=C3)C4=CC=C(C=C4)P(=O)(C5=CC=CC=C5)C6=CC=CC=C6,inorganic,,7.70%,18.70%,2.4286 ,A bilateral interfacial passivation strategy promoting efficiency and stability of perovskite quantum dot light-emitting diodes,https://www.nature.com/articles/s41467-020-17633-3,qutatum dots,2020,
10,PEA:CsPbBr3,Poly(vinylidene fluoride)（PVDF）,C=C(F)F,inorganic,0.050 ,15.10%,17.80%,1.1788 ,Polymer-Assisted Crystal Growth Regulation and Defect Passivation for Efficient Perovskite Light-Emitting Diodes,https://doi.org/10.1002/adfm.202203371,quasi-2D,2022,
10,PEA:CsPbBr3,Poly(vinylidene fluoride)（PVDF）,C=C(F)F,inorganic,1.000 ,15.10%,18.10%,1.1987 ,Polymer-Assisted Crystal Growth Regulation and Defect Passivation for Efficient Perovskite Light-Emitting Diodes,https://doi.org/10.1002/adfm.202203371,quasi-2D,2022,
10,PEA:CsPbBr3,Poly(vinylidene fluoride)（PVDF）,C=C(F)F,inorganic,2.000 ,15.10%,19.70%,1.3046 ,Polymer-Assisted Crystal Growth Regulation and Defect Passivation for Efficient Perovskite Light-Emitting Diodes,https://doi.org/10.1002/adfm.202203371,quasi-2D,2022,
10,PEA:CsPbBr3,Poly(vinylidene fluoride)（PVDF）,C=C(F)F,inorganic,3.000 ,15.10%,22.29%,1.4762 ,Polymer-Assisted Crystal Growth Regulation and Defect Passivation for Efficient Perovskite Light-Emitting Diodes,https://doi.org/10.1002/adfm.202203371,quasi-2D,2022,
10,PEA:CsPbBr3,Poly(vinylidene fluoride)（PVDF）,C=C(F)F,inorganic,4.000 ,15.10%,19.30%,1.2781 ,Polymer-Assisted Crystal Growth Regulation and Defect Passivation for Efficient Perovskite Light-Emitting Diodes,https://doi.org/10.1002/adfm.202203371,quasi-2D,2022,
10,PEA:CsPbBr3,Poly(vinylidene fluoride)（PVDF）,C=C(F)F,inorganic,5.000 ,15.10%,18.80%,1.2450 ,Polymer-Assisted Crystal Growth Regulation and Defect Passivation for Efficient Perovskite Light-Emitting Diodes,https://doi.org/10.1002/adfm.202203371,quasi-2D,2022,
11,CsPbBr3:PMMA,poly（arylonitrile）, C=CC#N,inorganic,,6.90%,12.80%,1.8551 ,Multifunctional TADF Additives for High-Performance Green Perovskite Light-Emitting DiodesClick to copy article link,https://doi.org/10.1016/j.cej.2022.139927,3D,2022,
12,PEA2FAn-1PbnBr3n+1(n=5),"2,7-dibromo-9,9-bis (3′-diethoxylphosphorylpropyl)-fluorene", CCOP(=O)(CCCC1(C2=C(C=CC(=C2)Br)C3=C1C=C(C=C3)Br)CCCP(=O)(OCC)OCC)OCC  ,organic,0.340 ,18.10%,21.10%,1.1657 ,Suppressing thermal quenching via defect passivation for efficient quasi-2D perovskite light-emitting diodes,https://www.nature.com/articles/s41377-022-00761-4,quasi-2D,2022,
12,PEA2FAn-1PbnBr3n+1(n=5),"2,7-dibromo-9,9-bis (3′-diethoxylphosphorylpropyl)-fluorene", CCOP(=O)(CCCC1(C2=C(C=CC(=C2)Br)C3=C1C=C(C=C3)Br)CCCP(=O)(OCC)OCC)OCC ,organic,0.680 ,18.10%,21.50%,1.1878 ,Suppressing thermal quenching via defect passivation for efficient quasi-2D perovskite light-emitting diodes,https://www.nature.com/articles/s41377-022-00761-4,quasi-2D,2022,
12,PEA2FAn-1PbnBr3n+1(n=5),"2,7-dibromo-9,9-bis (3′-diethoxylphosphorylpropyl)-fluorene", CCOP(=O)(CCCC1(C2=C(C=CC(=C2)Br)C3=C1C=C(C=C3)Br)CCCP(=O)(OCC)OCC)OCC,organic,1.020 ,18.10%,21.00%,1.1602 ,Suppressing thermal quenching via defect passivation for efficient quasi-2D perovskite light-emitting diodes,https://www.nature.com/articles/s41377-022-00761-4,quasi-2D,2022,
12,PEA2FAn-1PbnBr3n+1(n=5),"2,7-dibromo-9,9-bis (3′-diethoxylphosphorylpropyl)-fluorene", CCOP(=O)(CCCC1(C2=C(C=CC(=C2)Br)C3=C1C=C(C=C3)Br)CCCP(=O)(OCC)OCC)OCC  ,organic,2.041 ,18.10%,19.80%,1.0939 ,Suppressing thermal quenching via defect passivation for efficient quasi-2D perovskite light-emitting diodes,https://www.nature.com/articles/s41377-022-00761-4,quasi-2D,2022,
13,CsPbBr3,poly(methyl methacrylate)（PMMA）,CC(=C)C(=O)OC,inorganic,0.500 ,9.18%,20.71%,2.2560 ,Improving Perovskite Green Quantum Dot Light-Emitting Diode Performance by Hole Interface Buffer Layers,https://doi.org/10.1021/acsami.3c04592,qutatum dots,2023,
13,CsPbBr3, poly(vinyl pyrrolidone) (PVP),C=CN1CCCC1=O,inorganic,4.000 ,9.18%,17.09%,1.8617 ,Improving Perovskite Green Quantum Dot Light-Emitting Diode Performance by Hole Interface Buffer Layers,https://doi.org/10.1021/acsami.3c04592,qutatum dots,2023,
14,PEA2PbBr4(FAPbBr3)4 , trimethylolpropane trimethacrylate,CCC(COC(=O)C(=C)C)(COC(=O)C(=C)C)COC(=O)C(=C)C  ,organic,0.677 ,17.70%,18.10%,1.0226 ,Engineering of Annealing and Surface Passivation toward Efficient and Stable Quasi-2D Perovskite Light-Emitting Diodes,https://doi.org/10.1021/acs.jpclett.1c03413,quasi-2D,2021,
14,PEA2PbBr4(FAPbBr3)4 , trimethylolpropane trimethacrylate,CCC(COC(=O)C(=C)C)(COC(=O)C(=C)C)COC(=O)C(=C)C  ,organic,0.677 ,15.70%,18.20%,1.1592 ,Engineering of Annealing and Surface Passivation toward Efficient and Stable Quasi-2D Perovskite Light-Emitting Diodes,https://doi.org/10.1021/acs.jpclett.1c03413,quasi-2D,2021,
15,CsPbBr3,potassium thiocyanate,C(#N)[S-].[K+],inorganic,2.000 ,5.80%,13.80%,2.3793 ,The efficient green light-emitting diodes based on low-toxicity Zr-Pb alloy perovskite quantum dots passivated by inorganic ligand,https://doi.org/10.1016/j.apmt.2022.101658,qutatum dots,2022,
16,CsPbBr3 ,tributylphosphine oxide,CCCCP(=O)(CCCC)CCCC,inorganic,0.041 ,3.00%,9.98%,3.3267 ,High Color Purity and Efficient Green Light-Emitting Diode Using Perovskite Nanocrystals with the Size Overly Exceeding Bohr Exciton Diamete,https://doi.org/10.1021/jacs.1c09948,3D,2021,
17,CsPbBr3,Guanidine bromide,NC(N)=N.[H]Br,inorganic,3.474 ,6.98%,10.06%,1.4413 ,Achieving high-efficiency CsPbBr3 perovskite light emitting diode via GABr- didecyldimethyl ammonium bromide hybrid ligand passivation strategies,https://doi.org/10.1016/j.orgel.2023.106797,qutatum dots,2023,
18,FAPbBr3/PEA2PbBr4 ,phenethylammonium bromide,C1=CC=C(C=C1)CCN.Br  ,organic,3.000 ,4.60%,9.00%,1.9565 ,Bifacial passivation towards efficient FAPbBr3-based inverted perovskite light-emitting diode,https://doi.org/10.1039/D0NR02323J, 3D/2D ,2020,
19,MAPbBr3,ethylenediamine,C(CN)N  ,organic,,0.12%,0.58%,4.8333 ,Amine-Based Passivating Materials for Enhanced Optical Properties and Performance of Organic–Inorganic Perovskites in Light-Emitting Diodes,https://doi.org/10.1021/acs.jpclett.7b00372,3D,2017,
20,MAPbBr3,bis(2-oxo-3-oxazolidinyl) phosphinic chloride ,ClP(=O)(N1CCOC1=O)N2CCOC2=O,organic,6.364 ,12.80%,20.82%,1.6266 ,Phase Regulation and Defect Passivation Enabled by Phosphoryl Chloride Molecules for Efficient Quasi-2D Perovskite Light-Emitting Diodes,https://link.springer.com/article/10.1007/s40820-023-01089-3,quasi-2D,2023,
20,MAPbBr3,bis(dimethylamino)phosphoryl chloride,CN(C)P(=O)(N(C)C)Cl  ,organic,5.970 ,12.80%,16.50%,1.2891 ,Phase Regulation and Defect Passivation Enabled by Phosphoryl Chloride Molecules for Efficient Quasi-2D Perovskite Light-Emitting Diodes,https://link.springer.com/article/10.1007/s40820-023-01089-3,quasi-2D,2023,
20,MAPbBr3, dimethyl chlorophosphate,COP(=O)(OC)Cl  ,organic,7.225 ,12.80%,17.20%,1.3438 ,Phase Regulation and Defect Passivation Enabled by Phosphoryl Chloride Molecules for Efficient Quasi-2D Perovskite Light-Emitting Diodes,https://link.springer.com/article/10.1007/s40820-023-01089-3,quasi-2D,2023,
20,MAPbBr3,diphenyl chlorophosphite ,C1=CC=C(C=C1)OP(OC2=CC=CC=C2)Cl  ,organic,16.421 ,12.80%,16.20%,1.2656 ,Phase Regulation and Defect Passivation Enabled by Phosphoryl Chloride Molecules for Efficient Quasi-2D Perovskite Light-Emitting Diodes,https://link.springer.com/article/10.1007/s40820-023-01089-3,quasi-2D,2023,
20,MAPbBr3,diphenylphosphinic chloride, C1=CC=C(C=C1)P(=O)(C2=CC=CC=C2)Cl,organic,19.772 ,12.80%,18.00%,1.4063 ,Phase Regulation and Defect Passivation Enabled by Phosphoryl Chloride Molecules for Efficient Quasi-2D Perovskite Light-Emitting Diodes,https://link.springer.com/article/10.1007/s40820-023-01089-3,quasi-2D,2023,
21,MAPbBr3,4-aminobenzonitrile,C1=CC(=CC=C1C#N)N,organic,,1.30%,4.80%,3.6923 ,High-Performance Green Light-Emitting Diodes Based on MAPbBr3 with π-Conjugated Ligand,https://doi.org/10.1021/acsami.0c02923,qutatum dots,2020,
22,CsPbBr3 ,sodium citrate,C(C(=O)[O-])C(CC(=O)[O-])(C(=O)[O-])O.[Na+].[Na+].[Na+],inorganic,6.000 ,5.60%,13.20%,2.3571 ,Perovskite light-emitting diodes with low roll-off efficiency via interfacial ionic immobilization,https://doi.org/10.1016/j.cej.2021.132347,3D,2021,
23,CsPbBr3 ,4-bromobenzoic acid,C1=CC(=CC=C1C(=O)O)Br,inorganic,0.402 ,4.80%,7.60%,1.5833 ,High-performance all-inorganic perovskite light-emitting diodes enabled by a self-assembled molecule additive via defect passivation and strain relaxation,https://doi.org/10.1016/j.jallcom.2023.172459,3D,2023,
23,CsPbBr3 ,4-bromobenzoic acid,C1=CC(=CC=C1C(=O)O)Br,inorganic,1.206 ,4.80%,11.40%,2.3750 ,High-performance all-inorganic perovskite light-emitting diodes enabled by a self-assembled molecule additive via defect passivation and strain relaxation,https://doi.org/10.1016/j.jallcom.2023.172459,3D,2023,
23,CsPbBr3 ,4-bromobenzoic acid,C1=CC(=CC=C1C(=O)O)Br,inorganic,2.010 ,4.80%,9.20%,1.9167 ,High-performance all-inorganic perovskite light-emitting diodes enabled by a self-assembled molecule additive via defect passivation and strain relaxation,https://doi.org/10.1016/j.jallcom.2023.172459,3D,2023,
24, (S-MBA)2Csn–1PbnBr3n+1,(l)-tryptophan bromide,C1=CC=C2C(=C1)C(=CN2)C[C@@H](C(=O)O)[NH3+].[Br-],inorganic,20.000 ,7.88%,14.32%,1.8173 ,Rearranging the Phase Distribution of Quasi-2D Perovskite for Efficient and Narrow Emission Perovskite Light-Emitting Diodes,https://doi.org/10.1021/acs.jpclett.2c01059,quasi-2D,2022,
25,PEA:CsPbBr3,"1,4,8,11-tetraazacyclotetradecane",C1CNCCNCCCNCCNC1,inorganic,1.000 ,2.80%,9.63%,3.4393 ,Novel Lewis Base Cyclam Self-Passivation of Perovskites without an Anti-Solvent Process for Efficient Light-Emitting Diodes,https://doi.org/10.1021/acsami.0c02768,quasi-2D,2022,
25,PEA:CsPbBr3,"1,4,8,11-tetraazacyclotetradecane",C1CNCCNCCCNCCNC1,inorganic,2.000 ,2.80%,16.24%,5.8000 ,Novel Lewis Base Cyclam Self-Passivation of Perovskites without an Anti-Solvent Process for Efficient Light-Emitting Diodes,https://doi.org/10.1021/acsami.0c02768,quasi-2D,2022,
25,PEA:CsPbBr3,"1,4,8,11-tetraazacyclotetradecane",C1CNCCNCCCNCCNC1,inorganic,3.000 ,2.80%,13.14%,4.6929 ,Novel Lewis Base Cyclam Self-Passivation of Perovskites without an Anti-Solvent Process for Efficient Light-Emitting Diodes,https://doi.org/10.1021/acsami.0c02768,quasi-2D,2022,
26, (FA0.7MA0.1GA0.2)0.87Cs0.13PbBr3,benzylphosphonic acid,C1=CC=C(C=C1)CP(=O)(O)O  ,organic,17.969 ,6.10%,29.20%,4.7869 ,"Ultra-bright, efficient and stable perovskite light-emitting diodes",https://www-nature-com-443.webvpn.jnu.edu.cn/articles/s41586-022-05304-w,3D,2022,
27,PEA:CsPbBr3,formamidine sulfinic acid,C(=N)(N)S(=O)O  ,inorganic,0.108 ,15.90%,19.40%,1.2201 ,Multidentate Molecule Anchoring Halide Perovskite Surface and Regulating Crystallization Kinetics toward Efficient Light-Emitting Diodes,https://doi.org/10.1002/smll.202205336,quasi-2D,2022,
27,PEA:CsPbBr3,formamidine sulfinic acid,C(=N)(N)S(=O)O  ,inorganic,0.216 ,15.90%,26.50%,1.6667 ,Multidentate Molecule Anchoring Halide Perovskite Surface and Regulating Crystallization Kinetics toward Efficient Light-Emitting Diodes,https://doi.org/10.1002/smll.202205336,quasi-2D,2022,
27,PEA:CsPbBr3,formamidine sulfinic acid,C(=N)(N)S(=O)O  ,inorganic,0.649 ,15.90%,16.40%,1.0314 ,Multidentate Molecule Anchoring Halide Perovskite Surface and Regulating Crystallization Kinetics toward Efficient Light-Emitting Diodes,https://doi.org/10.1002/smll.202205336,quasi-2D,2022,
28,(PEA)2FA4Pb5Br16,triphenylphosphine oxide,C1=CC=C(C=C1)P(=O)(C2=CC=CC=C2)C3=CC=CC=C3  ,organic,,15.90%,18.30%,1.1509 ,Phosphonate/Phosphine Oxide Dyad Additive for Efficient Perovskite Light-Emitting Diodes,https://doi.org/10.1002/ange.202117374,quasi-2D,2022,
28,(PEA)2FA4Pb5Br16,bis(4-chlorophenyl)(phenyl)phosphine oxide,C1=CC=C(C=C1)P(=O)(C2=CC=C(C=C2)Cl)C3=CC=C(C=C3)Cl,organic,,15.90%,19.10%,1.2013 ,Phosphonate/Phosphine Oxide Dyad Additive for Efficient Perovskite Light-Emitting Diodes,https://doi.org/10.1002/ange.202117374,quasi-2D,2022,
29,PEA:FAPbBr3,1-Butyl-3-methylimidazolium tetrafluoroborate(BMIMBF4), [B-](F)(F)(F)F.CCCCN1C=C[N+](=C1)C  ,organic,0.452 ,8.20%,13.20%,1.6098 ,Targeted Distribution of Passivator for Polycrystalline Perovskite Light-Emitting Diodes with High Efficienc,https://pubs.acs.org/doi/10.1021/acsenergylett.1c01753,quasi-2D,2021,
29,PEA:FAPbBr3,1-Butyl-3-methylimidazolium tetrafluoroborate(BMIMBF4), [B-](F)(F)(F)F.CCCCN1C=C[N+](=C1)C  ,organic,0.904 ,8.20%,22.90%,2.7927 ,Targeted Distribution of Passivator for Polycrystalline Perovskite Light-Emitting Diodes with High Efficienc,https://pubs.acs.org/doi/10.1021/acsenergylett.1c01753,quasi-2D,2021,
29,PEA:FAPbBr3,1-Butyl-3-methylimidazolium tetrafluoroborate(BMIMBF4), [B-](F)(F)(F)F.CCCCN1C=C[N+](=C1)C  ,organic,1.808 ,8.20%,16.50%,2.0122 ,Targeted Distribution of Passivator for Polycrystalline Perovskite Light-Emitting Diodes with High Efficienc,https://pubs.acs.org/doi/10.1021/acsenergylett.1c01753,quasi-2D,2021,
29,PEA:FAPbBr3,Formamidinium tetrafluoroborate,[B-](F)(F)(F)F.C(=[NH2+])N  ,organic,0.527 ,8.20%,18.90%,2.3049 ,Targeted Distribution of Passivator for Polycrystalline Perovskite Light-Emitting Diodes with High Efficienc,https://pubs.acs.org/doi/10.1021/acsenergylett.1c01753,quasi-2D,2021,
29,PEA:FAPbBr3,1-Butyl-3-methylimidazolium bromide,CCCCN1C=C[N+](=C1)C.[Br-] ,organic,0.876 ,8.20%,8.70%,1.0610 ,Targeted Distribution of Passivator for Polycrystalline Perovskite Light-Emitting Diodes with High Efficienc,https://pubs.acs.org/doi/10.1021/acsenergylett.1c01753,quasi-2D,2021,
30,FAPbBr3,"1,3,5-tris (bromomethyl) benzene",C1=C(C=C(C=C1CBr)CBr)CBr  ,organic,0.091 ,16.00%,20.10%,1.2563 ,A Multi-functional Molecular Modifier Enabling Efficient Large-Area Perovskite Light-Emitting Diodes,https://www.cell.com/joule/fulltext/S2542-4351(20)30286-5#mmc1,3D,2020,
31,CsPbBr3,2-Hydroxymethyl-12-crown-4,C1COCCOC(COCCO1)CO  ,inorganic,5.000 ,0.32%,1.18%,3.6875 ,Synergistic morphology control and non-radiative defect passivation using a crown ether for efficient perovskite light-emitting devices,https://doi.org/10.1039/D0TC02062A,film,2020,
32,CsPbBr3,"2,4,6-Tris[3-(diphenylphosphinyl)phenyl]-1,3,5-triazine",C1=CC=C(C=C1)P(=O)(C2=CC=CC=C2)C3=CC=CC(=C3)C4=NC(=NC(=N4)C5=CC(=CC=C5)P(=O)(C6=CC=CC=C6)C7=CC=CC=C7)C8=CC(=CC=C8)P(=O)(C9=CC=CC=C9)C1=CC=CC=C1  ,inorganic,,13.00%,18.80%,1.4462 ,Interfacial Molecule Control Enables Efficient Perovskite Light-Emitting Diodes,https://doi.org/10.1002/adfm.202307818,3D,2023,
33,PEA:CsPbBr3,l-norvaline,CCC[C@@H](C(=O)O)N  ,inorganic,2.000 ,4.09%,10.85%,2.6528 ,Suppressing Formation of Buried Defects during Annealing Enables Bright Perovskite Light-Emitting Diodes,https://doi.org/10.1021/acsami.4c08637,quasi-2D,2024,
33,PEA:CsPbBr3,l-norvaline,CCC[C@@H](C(=O)O)N  ,inorganic,5.000 ,4.09%,13.04%,3.1883 ,Suppressing Formation of Buried Defects during Annealing Enables Bright Perovskite Light-Emitting Diodes,https://doi.org/10.1021/acsami.4c08637,quasi-2D,2024,
33,PEA:CsPbBr3,l-norvaline,CCC[C@@H](C(=O)O)N  ,inorganic,8.000 ,4.09%,8.93%,2.1834 ,Suppressing Formation of Buried Defects during Annealing Enables Bright Perovskite Light-Emitting Diodes,https://doi.org/10.1021/acsami.4c08637,quasi-2D,2024,
34,CsPbBr3,betaine, C[N+](C)(C)CC(=O)[O-]  ,inorganic,5.000 ,3.48%,11.11%,3.1925 ,Interfacial engineering for highly efficient quasi-two dimensional organic–inorganic hybrid perovskite light-emitting diodes,https://doi.org/10.1039/C8TC06490C,3D,2019,
35,PEA:CsPbBr3,ibuprofen,CC(C)CC1=CC=C(C=C1)C(C)C(=O)O  ,inorganic,1.000 ,4.26%,11.04%,2.5915 ,Defect Passivation in Quasi-2D Perovskite Light-Emitting Diodes by an Ibuprofen Additive,https://pubs.acs.org/doi/10.1021/acsami.3c10337,quasi-2D,2023,
35,PEA:CsPbBr3,ibuprofen,CC(C)CC1=CC=C(C=C1)C(C)C(=O)O  ,inorganic,2.000 ,4.26%,14.70%,3.4507 ,Defect Passivation in Quasi-2D Perovskite Light-Emitting Diodes by an Ibuprofen Additive,https://pubs.acs.org/doi/10.1021/acsami.3c10337,quasi-2D,2023,
35,PEA:CsPbBr3,ibuprofen,CC(C)CC1=CC=C(C=C1)C(C)C(=O)O  ,inorganic,4.000 ,4.26%,8.90%,2.0892 ,Defect Passivation in Quasi-2D Perovskite Light-Emitting Diodes by an Ibuprofen Additive,https://pubs.acs.org/doi/10.1021/acsami.3c10337,quasi-2D,2023,
36,CsPbBr3 , thiocyanate, C(#N)[S-]  ,inorganic,8.712 ,12.00%,17.00%,1.4167 ,"Pseudohalogen Resurfaced CsPbBr3 Nanocrystals for Bright, Efficient, and Stable Green-Light-Emitting Diodes",https://pubs.acs.org/doi/10.1021/acs.nanolett.3c00385,3D,2023,
37,Cs0.5MA0.4FA0.1PbBr3,triphenylphosphine oxide, C1=CC=C(C=C1)P(=O)(C2=CC=CC=C2)C3=CC=CC=C3  ,inorganic,4.000 ,3.35%,10.28%,3.0687 ,Conductive Phosphine Oxide Passivator Enables Efficient Perovskite Light-Emitting Diodes,https://pubs.acs.org/doi/10.1021/acs.nanolett.2c00276,3D,2022,
37,Cs0.5MA0.4FA0.1PbBr3,"2,7-bis(diphenylphosphoryl)-9,9′-spirobifluorene",C1=CC=C(C=C1)P(=O)(C2=CC=CC=C2)C3=CC4=C(C=C3)C5=C(C46C7=CC=CC=C7C8=CC=CC=C68)C=C(C=C5)P(=O)(C9=CC=CC=C9)C1=CC=CC=C1 ,inorganic,4.000 ,3.35%,22.30%,6.6567 ,Conductive Phosphine Oxide Passivator Enables Efficient Perovskite Light-Emitting Diodes,https://pubs.acs.org/doi/10.1021/acs.nanolett.2c00276,3D,2022,
38, CsPbBr3,2-phenylethanamine bromide,C1=CC=C(C=C1)CCN.Br  ,inorganic,1.000 ,1.27%,2.36%,1.8583 ,Improved Performance for Thermally Evaporated Perovskite Light-Emitting Devices via Defect Passivation and Carrier Regulation,https://pubs.acs.org/doi/10.1021/acsami.0c01173,3D,2020,
38, CsPbBr3,2-phenylethanamine bromide,C1=CC=C(C=C1)CCN.Br  ,inorganic,2.000 ,1.27%,4.10%,3.2283 ,Improved Performance for Thermally Evaporated Perovskite Light-Emitting Devices via Defect Passivation and Carrier Regulation,https://pubs.acs.org/doi/10.1021/acsami.0c01173,3D,2020,
38, CsPbBr3,2-phenylethanamine bromide,C1=CC=C(C=C1)CCN.Br  ,inorganic,2.500 ,1.27%,2.73%,2.1496 ,Improved Performance for Thermally Evaporated Perovskite Light-Emitting Devices via Defect Passivation and Carrier Regulation,https://pubs.acs.org/doi/10.1021/acsami.0c01173,3D,2020,
39,MAPbBr3,benzyltrimethylammonium bromide (BTABr), C[N+](C)(C)CC1=CC=CC=C1.[Br-]  ,organic,8.000 ,0.19%,0.44%,2.3158 ,Bright perovskite light-emitting diodes with improved film morphology and reduced trap density via surface passivation using quaternary ammonium salts,https://doi.org/10.1016/j.orgel.2019.01.030,3D,2019,
39,MAPbBr3,benzyltrimethylammonium bromide (BTABr), C[N+](C)(C)CC1=CC=CC=C1.[Br-]  ,organic,10.000 ,0.19%,1.03%,5.4211 ,Bright perovskite light-emitting diodes with improved film morphology and reduced trap density via surface passivation using quaternary ammonium salts,https://doi.org/10.1016/j.orgel.2019.01.030,3D,2019,
39,MAPbBr3,benzyltrimethylammonium bromide (BTABr), C[N+](C)(C)CC1=CC=CC=C1.[Br-]  ,organic,12.000 ,0.19%,0.29%,1.5263 ,Bright perovskite light-emitting diodes with improved film morphology and reduced trap density via surface passivation using quaternary ammonium salts,https://doi.org/10.1016/j.orgel.2019.01.030,3D,2019,
39,MAPbBr3,benzyltrimethylammonium chloride (BTACl), C[N+](C)(C)CC1=CC=CC=C1.[Cl-]  ,organic,8.000 ,0.19%,0.15%,0.7895 ,Bright perovskite light-emitting diodes with improved film morphology and reduced trap density via surface passivation using quaternary ammonium salts,https://doi.org/10.1016/j.orgel.2019.01.030,3D,2019,
39,MAPbBr3,benzyltrimethylammonium chloride (BTACl), C[N+](C)(C)CC1=CC=CC=C1.[Cl-]  ,organic,10.000 ,0.19%,0.30%,1.5789 ,Bright perovskite light-emitting diodes with improved film morphology and reduced trap density via surface passivation using quaternary ammonium salts,https://doi.org/10.1016/j.orgel.2019.01.030,3D,2019,
39,MAPbBr3,benzyltrimethylammonium chloride (BTACl), C[N+](C)(C)CC1=CC=CC=C1.[Cl-]  ,organic,12.000 ,0.19%,0.10%,0.5263 ,Bright perovskite light-emitting diodes with improved film morphology and reduced trap density via surface passivation using quaternary ammonium salts,https://doi.org/10.1016/j.orgel.2019.01.030,3D,2019,
39,MAPbBr3,phenyltrimethylammonium bromide (PTABr) ,C[N+](C)(C)C1=CC=CC=C1.[Br-]  ,organic,6.000 ,0.19%,0.22%,1.1579 ,Bright perovskite light-emitting diodes with improved film morphology and reduced trap density via surface passivation using quaternary ammonium salts,https://doi.org/10.1016/j.orgel.2019.01.030,3D,2019,
39,MAPbBr3,phenyltrimethylammonium bromide (PTABr) ,C[N+](C)(C)C1=CC=CC=C1.[Br-]  ,organic,8.000 ,0.19%,0.52%,2.7368 ,Bright perovskite light-emitting diodes with improved film morphology and reduced trap density via surface passivation using quaternary ammonium salts,https://doi.org/10.1016/j.orgel.2019.01.030,3D,2019,
39,MAPbBr3,phenyltrimethylammonium bromide (PTABr) ,C[N+](C)(C)C1=CC=CC=C1.[Br-]  ,organic,10.000 ,0.19%,0.30%,1.5789 ,Bright perovskite light-emitting diodes with improved film morphology and reduced trap density via surface passivation using quaternary ammonium salts,https://doi.org/10.1016/j.orgel.2019.01.030,3D,2019,
40,CsPbBr3 , betaine , C[N+](C)(C)CC(=O)[O-]  ,inorganic,20.000 ,3.10%,10.80%,3.4839 ,Stabilizing dynamic surface of highly luminescent perovskite quantum dots for light-emitting diodes,https://doi.org/10.1016/j.cej.2022.139909,qutatum dots,2022,
41,PEA2Csn–1PbnBr3n+1,betaine citrate,C[N+](C)(C)CC(=O)O.C(C(=O)O)C(CC(=O)O)(C(=O)[O-])O  ,inorganic,3.000 ,14.70%,23.20%,1.5782 ,Universal Molecular Control Strategy for Scalable Fabrication of Perovskite Light-Emitting Diodes,https://pubs.acs.org/doi/10.1021/acs.nanolett.2c04459,3D,2023,
42,PEA:CsPbBr3," [2-(3,6-dimethoxy-9H-carbazol-9-yl)ethyl]phosphonic acid",COC1=CC2=C(C=C1)N(C3=C2C=C(C=C3)OC)CCP(=O)(O)O  ,inorganic,1.000 ,2.31%,3.40%,1.4719 ,Fabrication of Highly Luminescent Quasi Two-Dimensional CsPbBr3 Perovskite Films in High Humidity Air for Light-Emitting Diodes,https://pubs.acs.org/doi/10.1021/acsami.3c07140,quasi-2D,2023,
42,PEA:CsPbBr3,[2-(9H-Carbazol-9-yl)ethyl]phosphonic acid,C1=CC=C2C(=C1)C3=CC=CC=C3N2CCP(=O)(O)O  ,inorganic,0.300 ,2.31%,4.26%,1.8442 ,Fabrication of Highly Luminescent Quasi Two-Dimensional CsPbBr3 Perovskite Films in High Humidity Air for Light-Emitting Diodes,https://pubs.acs.org/doi/10.1021/acsami.3c07140,quasi-2D,2023,
43,BA2Csn-1PbnBr3n+1,"2, 8-dibromodibenzofuran",C1=CC2=C(C=C1Br)C3=C(O2)C=CC(=C3)Br  ,inorganic,3.000 ,13.87%,19.90%,1.4348 ,Effective Small Organic Molecule as a Defect Passivator for Highly Efficient Quasi-2D Perovskite Light-Emitting Diodes,https://doi.org/10.1002/smll.202308847,quasi-2D,2023,
43,BA2Csn-1PbnBr3n+1,"2, 8-Dibromodibenzothiophene ",C1=CC2=C(C=C1Br)C3=C(S2)C=CC(=C3)Br  ,inorganic,3.000 ,13.87%,16.20%,1.1680 ,Effective Small Organic Molecule as a Defect Passivator for Highly Efficient Quasi-2D Perovskite Light-Emitting Diodes,https://doi.org/10.1002/smll.202308847,quasi-2D,2023,
43,BA2Csn-1PbnBr3n+1,"3, 6-Dibromocarbazole ",C1=CC2=C(C=C1Br)C3=C(N2)C=CC(=C3)Br  ,inorganic,3.000 ,13.87%,14.29%,1.0303 ,Effective Small Organic Molecule as a Defect Passivator for Highly Efficient Quasi-2D Perovskite Light-Emitting Diodes,https://doi.org/10.1002/smll.202308847,quasi-2D,2023,
44,PEA2(FAPbBr3)2PbBr4,2-(methylsulfonyl)-4-(trifluoromethyl)benzoic acid,CS(=O)(=O)C1=C(C=CC(=C1)C(F)(F)F)C(=O)O  ,organic,8.046 ,16.80%,25.90%,1.5417 ,Multiple Phase Regulation Enables Efficient and Bright Quasi-2D Perovskite Light-Emitting Diodes,https://pubs.acs.org/doi/10.1021/acs.nanolett.3c03440,quasi-2D,2023,
45,CsPbBr3,4-amino-N-methylphthalimide,CN1C(=O)C2=C(C1=O)C=C(C=C2)N  ,inorganic,0.881 ,1.08%,1.91%,1.7685 ,Highly effective surface defect passivation of perovskite quantum dots for excellent optoelectronic properties,https://doi.org/10.1016/j.jmrt.2022.04.080,quantum dots,2022,
46,PEA2(FAPbBr3)2PbBr4 ,Potassium tetrafluoroborate,[B-](F)(F)(F)F.[K+]  ,organic,0.755 ,6.25%,10.46%,1.6736 ,Modulating phase distribution and passivating surface defects of quasi-2D perovskites via potassium tetrafluoroborate for light-emitting diodes,https://doi.org/10.1016/j.cej.2022.138021,quasi-2D,2022,
46,PEA2(FAPbBr3)2PbBr4 ,Potassium tetrafluoroborate,[B-](F)(F)(F)F.[K+]  ,organic,2.266 ,6.25%,13.92%,2.2272 ,Modulating phase distribution and passivating surface defects of quasi-2D perovskites via potassium tetrafluoroborate for light-emitting diodes,https://doi.org/10.1016/j.cej.2022.138021,quasi-2D,2022,
47,FAPbBr3 ,1-(1-naphthyl)ethylamine bromide,C[C@H](C1=CC=CC2=CC=CC=C21)N.Br,organic,,3.30%,8.60%,2.6061 ,Modulation of ligand conjugation for efficient FAPbBr3 based green light-emitting diodes,https://doi.org/10.1039/C9QM00768G,3D,2020,
48,CsPbBr3,Butyl(2-ethylhexyl)dimethylammonium bromide,CCCCC(CC)C[N+](C)(C)CCCC.[Br-]  ,inorganic,,6.31%,23.45%,3.7163 ,In Situ Ligand Compensation of Perovskite Quantum Dots for Efficient Light-Emitting Diodes,https://pubs.acs.org/doi/10.1021/acsenergylett.3c01686,quantum dots,2023,
49, CsPbBr3 ,hexanoic acid sodium salt, CCCCCC(=O)[O-].[Na+]  ,inorganic,2.763 ,2.80%,3.30%,1.1786 ,Hard and soft Lewis-base behavior for efficient and stable CsPbBr3 perovskite light-emitting diodes,https://doi.org/10.1515/nanoph-2021-0003,3D,2021,
49, CsPbBr3 ,benzoic acid sodium salt,C1=CC=C(C=C1)C(=O)[O-].[Na+]  ,inorganic,2.882 ,2.08%,11.42%,5.4904 ,Hard and soft Lewis-base behavior for efficient and stable CsPbBr3 perovskite light-emitting diodes,https://doi.org/10.1515/nanoph-2021-0003,3D,2021,
49, CsPbBr3 ,4-(trifluoromethyl) benzoate acid sodium salt,C1=CC(=C(C=C1C(F)(F)F)Cl)OC2=CC(=C(C=C2)[N+](=O)[O-])C(=O)[O-].[Na+]  ,inorganic,4.242 ,2.08%,16.75%,8.0529 ,Hard and soft Lewis-base behavior for efficient and stable CsPbBr3 perovskite light-emitting diodes,https://doi.org/10.1515/nanoph-2021-0003,3D,2021,
50,PEA:FAPbBr3,methyldiphenylphosphine oxide,CP(=O)(C1=CC=CC=C1)C2=CC=CC=C2  ,organic,0.995 ,19.00%,21.57%,1.1353 ,Insight into Diphenyl Phosphine Oxygen-Based Molecular Additives as Defect Passivators toward Efficient Quasi-2D Perovskite Light-Emitting Diodes,https://pubs.acs.org/doi/10.1021/acsami.2c19646, quasi-2D,2023,
50,PEA:FAPbBr3,diphenylphosphine oxide,C1=CC=C(C=C1)[P+](=O)C2=CC=CC=C2  ,organic,0.925 ,19.00%,21.98%,1.1568 ,Insight into Diphenyl Phosphine Oxygen-Based Molecular Additives as Defect Passivators toward Efficient Quasi-2D Perovskite Light-Emitting Diodes,https://pubs.acs.org/doi/10.1021/acsami.2c19646, quasi-2D,2023,
50,PEA:FAPbBr3,diphenylphosphinic acid,C1=CC=C(C=C1)P(=O)(C2=CC=CC=C2)O  ,organic,1.004 ,19.00%,22.44%,1.1811 ,Insight into Diphenyl Phosphine Oxygen-Based Molecular Additives as Defect Passivators toward Efficient Quasi-2D Perovskite Light-Emitting Diodes,https://pubs.acs.org/doi/10.1021/acsami.2c19646, quasi-2D,2023,
51,(FAMA)0.5Cs0.5PbI3,triphenylphosphine oxide,C1=CC=C(C=C1)P(=O)(C2=CC=CC=C2)C3=CC=CC=C3  ,organic,12.000 ,19.10%,21.01%,1.1000 ,Efficient Perovskite Light-Emitting Diodes by Buried Interface Modification with Triphenylphosphine Oxide,https://pubs.acs.org/doi/10.1021/acsami.2c19123,3D,2023,
52,FAPbBr3,2-naphthalenesulfonic acid,C1=CC=C2C=C(C=CC2=C1)S(=O)(=O)O  ,organic,1.000 ,13.30%,19.20%,1.4436 ,High-Brightness Perovskite Light-Emitting Diodes Based on FAPbBr3 Nanocrystals with Rationally Designed Aromatic Ligands,https://pubs.acs.org/doi/10.1021/acsenergylett.1c00812,3D,2021,
53, CH3NH3PbBr3,4-mercaptopyridine, C1=CNC=CC1=S,organic,0.334 ,2.20%,5.74%,2.6091 ,Case Studies on Structure–Property Relations in Perovskite Light-Emitting Diodes via Interfacial Engineering with Self-Assembled Monolayers,https://pubs.acs.org/doi/10.1021/acsami.1c03797,film,2021,
53, CH3NH3PbBr3,4-aminothiophenol,C1=CC(=CC=C1N)S,organic,0.376 ,2.20%,4.75%,2.1591 ,Case Studies on Structure–Property Relations in Perovskite Light-Emitting Diodes via Interfacial Engineering with Self-Assembled Monolayers,https://pubs.acs.org/doi/10.1021/acsami.1c03797,film,2021,
53, CH3NH3PbBr3,cysteamine, C(CS)N  ,organic,0.231 ,2.20%,4.21%,1.9136 ,Case Studies on Structure–Property Relations in Perovskite Light-Emitting Diodes via Interfacial Engineering with Self-Assembled Monolayers,https://pubs.acs.org/doi/10.1021/acsami.1c03797,film,2021,
53, CH3NH3PbBr3,thiophenol,C1=CC=C(C=C1)S  ,organic,0.331 ,2.20%,2.63%,1.1955 ,Case Studies on Structure–Property Relations in Perovskite Light-Emitting Diodes via Interfacial Engineering with Self-Assembled Monolayers,https://pubs.acs.org/doi/10.1021/acsami.1c03797,film,2021,
54,CsPbBr3,dodecyl dimethylamine bromide,CCCCCCCCCCCCN(C)C.Br  ,inorganic,8.829 ,1.79%,5.11%,2.8547 ,Efficient CsPbBr3 Perovskite Light-Emitting Diodes via Novel Multi-Step Ligand Exchange Strategy Based on Zwitterionic Molecules,https://pubs.acs.org/doi/10.1021/acsami.3c17324,quantum dots,2024,
54,CsPbBr3,3-(decyldimethylammonio)propanesulfonate,CCCCCCCCCC[N+](C)(C)CCCS(=O)(=O)[O-]  ,inorganic,30.750 ,5.10%,12.17%,2.3863 ,Efficient CsPbBr3 Perovskite Light-Emitting Diodes via Novel Multi-Step Ligand Exchange Strategy Based on Zwitterionic Molecules,https://pubs.acs.org/doi/10.1021/acsami.3c17324,quantum dots,2024,
55,PEA 2 (FAPbBr 3 ) 4 PbBr 4,potassium bromide, [K+].[Br-]  ,organic,11.900 ,13.60%,20.83%,1.5316 ,Enhancing the Performance of Perovskite Light-Emitting Diodes via Synergistic Effect of Defect Passivation and Dielectric Screening,https://link.springer.com/article/10.1007/s40820-024-01405-5, quasi-2D,2024,
56,PEA:CsPbBr3, 1-butyl-3-methylimidazolium trifluoromethanesulfonate,CCCCN1C=C[N+](=C1)C.C(F)(F)(F)S(=O)(=O)[O-]  ,inorganic,1.000 ,7.60%,12.70%,1.6711 ,A Multifunctional Ionic Liquid Additive Enabling Stable and Efficient Perovskite Light-Emitting Diodes,https://doi.org/10.1002/smll.202200498, quasi-2D,2022,
56,PEA:CsPbBr3, 1-butyl-3-methylimidazolium trifluoromethanesulfonate,CCCCN1C=C[N+](=C1)C.C(F)(F)(F)S(=O)(=O)[O-]  ,inorganic,2.000 ,7.60%,17.60%,2.3158 ,A Multifunctional Ionic Liquid Additive Enabling Stable and Efficient Perovskite Light-Emitting Diodes,https://doi.org/10.1002/smll.202200498, quasi-2D,2022,
56,PEA:CsPbBr3, 1-butyl-3-methylimidazolium trifluoromethanesulfonate,CCCCN1C=C[N+](=C1)C.C(F)(F)(F)S(=O)(=O)[O-]  ,inorganic,3.000 ,7.60%,14.50%,1.9079 ,A Multifunctional Ionic Liquid Additive Enabling Stable and Efficient Perovskite Light-Emitting Diodes,https://doi.org/10.1002/smll.202200498, quasi-2D,2022,
57,CsPbBr3,(2-(9H-Carbazol-9-yl)ethyl)phosphonic acid,C1=CC=C2C(=C1)C3=CC=CC=C3N2CCP(=O)(O)O  ,inorganic,3.000 ,7.93%,20.87%,2.6318 ,Efficient All-Inorganic Perovskite Light-Emitting Diodes Enabled by Simultaneous Growth Regulation and Defect Passivation,https://doi.org/10.1109/TED.2024.3418724,3D,2024,
58,PEA : CsPbBr3,butylammonium bromide,CCCCN.Br ,inorganic,9.243 ,1.90%,9.10%,4.7895 ,Low-dimensional phase suppression and defect passivation of quasi-2D perovskites for efficient electroluminescence and low-threshold amplified spontaneous emission,https://doi.org/10.1039/D1NR06549A, quasi-2D,2022,
58,PEA : CsPbBr3,potassium thiocyanate,C(#N)[S-].[K+]  ,inorganic,2.915 ,9.10%,16.30%,1.7912 ,Low-dimensional phase suppression and defect passivation of quasi-2D perovskites for efficient electroluminescence and low-threshold amplified spontaneous emission,https://doi.org/10.1039/D1NR06549A, quasi-2D,2022,
59,PEA : CsPbBr3,pentafluorophenyl diphenylphosphinate ,C1=CC=C(C=C1)P(=O)(C2=CC=CC=C2)OC3=C(C(=C(C(=C3F)F)F)F)F  ,inorganic,5.000 ,14.92%,15.98%,1.0710 ,Efficient Quasi-Two-Dimensional Perovskite Light-Emitting Diodes Achieved through the Passivation of Multi-Fluorine Phosphate Molecules,https://doi.org/10.3390/mi15060799, quasi-2D,2024,
59,PEA : CsPbBr3,pentafluorophenyl diphenylphosphinate ,C1=CC=C(C=C1)P(=O)(C2=CC=CC=C2)OC3=C(C(=C(C(=C3F)F)F)F)F  ,inorganic,10.000 ,14.92%,17.76%,1.1903 ,Efficient Quasi-Two-Dimensional Perovskite Light-Emitting Diodes Achieved through the Passivation of Multi-Fluorine Phosphate Molecules,https://doi.org/10.3390/mi15060799, quasi-2D,2024,
59,PEA : CsPbBr3,pentafluorophenyl diphenylphosphinate ,C1=CC=C(C=C1)P(=O)(C2=CC=CC=C2)OC3=C(C(=C(C(=C3F)F)F)F)F  ,inorganic,15.000 ,14.92%,21.06%,1.4115 ,Efficient Quasi-Two-Dimensional Perovskite Light-Emitting Diodes Achieved through the Passivation of Multi-Fluorine Phosphate Molecules,https://doi.org/10.3390/mi15060799, quasi-2D,2024,
59,PEA : CsPbBr3,pentafluorophenyl diphenylphosphinate ,C1=CC=C(C=C1)P(=O)(C2=CC=CC=C2)OC3=C(C(=C(C(=C3F)F)F)F)F  ,inorganic,20.000 ,14.92%,18.53%,1.2420 ,Efficient Quasi-Two-Dimensional Perovskite Light-Emitting Diodes Achieved through the Passivation of Multi-Fluorine Phosphate Molecules,https://doi.org/10.3390/mi15060799, quasi-2D,2024,
60,CsPbBr3,formamidinium bromide,C(=[NH2+])N.[Br-],inorganic,3.200 ,1.78%,7.94%,4.4607 ,Heterogeneous post-passivation of inorganic cesium lead halide perovskite quantum dots for efficient electroluminescent devices,https://doi.org/10.1039/D0TC05856D,quantum dots,2021,
60,CsPbBr3,didodecyldimethylammonium bromide,CCCCCCCCCCCC[N+](C)(C)CCCCCCCCCCCC.[Br-],inorganic,1.600 ,1.78%,3.91%,2.1966 ,Heterogeneous post-passivation of inorganic cesium lead halide perovskite quantum dots for efficient electroluminescent devices,https://doi.org/10.1039/D0TC05856D,quantum dots,2021,
61,MAPbBr3,"2,2′,2′′-(1,3,5-benzinetriyl)-tris(1-phenyl-1-H-benzimidazole",C1=CC=C(C=C1)N2C3=CC=CC=C3N=C2C4=CC(=CC(=C4)C5=NC6=CC=CC=C6N5C7=CC=CC=C7)C8=NC9=CC=CC=C9N8C1=CC=CC=C1,organic,,8.64%,11.70%,1.3542 ,Efficient Perovskite Light-Emitting Diodes Using Polycrystalline Core–Shell-Mimicked Nanograins,https://doi.org/10.1002/adfm.201902017,3D,2019,
62,CsPbBr3,"1,3,5-tris(1-phenyl-1H-benzimidazol-2-yl) benzene",C1=CC=C(C=C1)N2C3=CC=CC=C3N=C2C4=CC(=CC(=C4)C5=NC6=CC=CC=C6N5C7=CC=CC=C7)C8=NC9=CC=CC=C9N8C1=CC=CC=C1,inorganic,3.000 ,13.50%,17.50%,1.2963 ,Efficient Perovskite Light-Emitting Diodes with Chemically Bonded Contact and Regulated Charge Behavior,https://doi.org/10.1021/acs.nanolett.3c02335,3D,2023,
62,CsPbBr3,"2,4,6-tris[3-(diphenylphosphinyl)phenyl]-1,3,5-triazine",C1=CC=C(C=C1)P(=O)(C2=CC=CC=C2)C3=CC=CC(=C3)C4=NC(=NC(=N4)C5=CC(=CC=C5)P(=O)(C6=CC=CC=C6)C7=CC=CC=C7)C8=CC(=CC=C8)P(=O)(C9=CC=CC=C9)C1=CC=CC=C1,inorganic,3.000 ,13.50%,22.06%,1.6341 ,Efficient Perovskite Light-Emitting Diodes with Chemically Bonded Contact and Regulated Charge Behavior,https://doi.org/10.1021/acs.nanolett.3c02335,3D,2023,
